Grand Prix,1er,2e,3e,4e,5e,6e,7e,8e,9e,10e,pos1
Australie,Lando Norris,Max Verstappen,George Russell,Kimi Antonelli,Alexander Albon,Lance Stroll,Nico Hulkenberg,Charles Leclerc,Oscar Piastri,Lewis Hamilton,
Chine,Oscar Piastri,Lando Norris,George Russell,Max Verstappen,Esteban Ocon,Kimi Antonelli,Alexander Albon,Oliver Bearman,Lance Stroll,Carlos Sainz,
Japon,Max Verstappen,Lando Norris,Oscar Piastri,Charles Leclerc,George Russell,Kimi Antonelli,Lewis Hamilton,Isack Hadjar,Alexander Albon,Oliver Bearman,
Bahrein,Oscar Piastri,George Russell,Lando Norris,Charles Leclerc,Lewis Hamilton,Max Verstappen,Pierre Gasly,Esteban Ocon,Yuki Tsunoda,Oliver Bearman,
Arabie Saoudite,Oscar Piastri,Max Verstappen,Charles Leclerc,Lando Norris,George Russell,Kimi Antonelli,Lewis Hamilton,Carlos Sainz,Alexander Albon,Isack Hadjar,
Miami,Oscar Piastri,Lando Norris,George Russell,Max Verstappen,Alexander Albon,Kimi Antonelli,Charles Leclerc,Lewis Hamilton,Carlos Sainz,Yuki Tsunoda,
Emilie-Romagne,Max Verstappen,Lando Norris,Oscar Piastri,Lewis Hamilton,Alexander Albon,Charles Leclerc,George Russell,Carlos Sainz,Isack Hadjar,Yuki Tsunoda,
Monaco,Lando Norris,Charles Leclerc,Oscar Piastri,Max Verstappen,Lewis Hamilton,Isack Hadjar,Esteban Ocon,Liam Lawson,Alexander Albon,Carlos Sainz,
Barcelone,Oscar Piastri,Lando Norris,Charles Leclerc,George Russell,Nico Hulkenberg,Lewis Hamilton,Isack Hadjar,Pierre Gasly,Fernando Alonso,Max Verstappen,
Canada,George Russell,Max Verstappen,Kimi Antonelli,Oscar Piastri,Charles Leclerc,Lewis Hamilton,Fernando Alonso,Nico Hulkenberg,Esteban Ocon,Carlos Sainz,
Autriche,Lando Norris,Oscar Piastri,Charles Leclerc,Lewis Hamilton,George Russell,Liam Lawson,Fernando Alonso,Gabriel Bortoleto,Nico Hulkenberg,Esteban Ocon,
Angleterre,Lando Norris,Oscar Piastri,Nico Hulkenberg,Lewis Hamilton,Max Verstappen,Pierre Gasly,Lance Stroll,Fernando Alonso,Alexander Albon,George Russel,
Canada,George Russell,Max Verstappen,Kimi Antonelli,Oscar Piastri,Charles Leclerc,Lewis Hamilton,Fernando Alonso,Nico Hulkenberg,Esteban Ocon,Carlos Sainz,
Belgique,Oscar Piastri,Lando Norris,Charles Leclerc,Max Verstappen,George Russell,Alexander Albon,Lewis Hamilton,Liam Lawson,Gabriel Bortoleto,Pierre Gasly,
Hongrie,Lando Norris,Oscar Piastri,George Russell,Charles Leclerc,,Fernando Alonso,Gabriel Bortoleto,Lance Stroll,Liam Lawson,Max Verstappen,Kimi Antonelli,
